condition,condition_name,scene_group,horizon,trajectory_count,position_rmse,position_rmse_ci95_low,position_rmse_ci95_high,velocity_rmse,velocity_rmse_ci95_low,velocity_rmse_ci95_high,penetration_rate,penetration_rate_ci95_low,penetration_rate_ci95_high,density_relative_error,density_relative_error_ci95_low,density_relative_error_ci95_high,momentum_error_per_particle,momentum_error_per_particle_ci95_low,momentum_error_per_particle_ci95_high,horizontal_momentum_error_per_particle,horizontal_momentum_error_per_particle_ci95_low,horizontal_momentum_error_per_particle_ci95_high,surface_height_rmse,surface_height_rmse_ci95_low,surface_height_rmse_ci95_high,energy_excess_per_particle,energy_excess_per_particle_ci95_low,energy_excess_per_particle_ci95_high
A,SWE-only,complex,1,33,0.02510125920966719,0.02000062068938419,0.03318291875872422,0.025101259096779606,0.020079561406887617,0.03374562688933855,1.73767519961024e-05,0.0,4.4318854466646186e-05,0.3699699414498878,0.30123384107242934,0.49920494581262265,0.009440375974835742,0.002283788504538472,0.023227601007932787,2.774639536558728e-05,2.27239421257874e-05,3.2563976302905456e-05,0.05022630168858803,0.03588362977219124,0.07530097062558387,0.006735332084424568,0.0024006695458383275,0.011739098845106181
A,SWE-only,complex,8,33,0.024636958753972343,0.019163752845347378,0.0342359342640548,0.0030784223715520716,0.0027778183471651352,0.00336575921797758,0.0,0.0,0.0,0.48536586580854474,0.4127371472842765,0.6056176024855987,0.0003752991723365884,0.00031155237946663735,0.00043802968408051645,0.00024557359839408576,0.00020401118127858465,0.000291224937411078,0.05582016853220535,0.040911434369274614,0.08401648628553657,0.0,0.0,0.0
A,SWE-only,complex,16,33,0.02427063656575752,0.018953536064928455,0.03370898278133774,0.00238621474250756,0.0017464469245169313,0.0034549421741041546,0.0,0.0,0.0,0.5579151484099302,0.48821189489328504,0.6695508371925712,0.0007336568894309246,0.00045660613972303867,0.001179985274553253,0.00048787251315926284,0.00039875183958263896,0.0005749795000266397,0.057568352105039536,0.043147874914222596,0.08451425360910819,0.0,0.0,0.0
A,SWE-only,complex,32,33,0.038250480383408794,0.023985677335947527,0.06498671021651138,0.0033150132512673736,0.001887796054176182,0.005755876504752615,0.009284599476547901,0.0,0.02779457969550441,0.653001788890723,0.5644119901864818,0.8045746441140319,0.00218987238291778,0.000991944804903169,0.00440711138477182,0.0011322803206205594,0.0008490873039673632,0.0015273328914411123,0.06898695580435521,0.04669244095231548,0.11091583997406292,0.08989581194790927,0.0022244797511534256,0.2608981839635155
A,SWE-only,complex,100,33,0.5549301842622685,0.24683641545813192,1.103595917079258,0.031137976802490426,0.01943134263490334,0.046005542061572084,0.09277303173980384,0.051302764794483466,0.15669751373522547,1.4103370760426377,1.0482042891058054,1.9390380312095985,0.007876245151926538,0.00454327914633199,0.012433621974824656,0.0018608496342715102,0.0015508501194937817,0.002202962548714518,0.5448789772662249,0.15194856131054235,1.2946565497073936,4.167868198770465,1.193228709336483,9.46455553164987
A,SWE-only,quiet,1,34,0.02307360024903627,0.0183749696075478,0.03119142620810581,0.02307360024903627,0.01837211265365648,0.031313161370481415,0.0,0.0,0.0,0.36126333387459025,0.30220692992648657,0.4696224180214545,0.009172018248885734,0.0020137559183293725,0.02294049052684653,1.7973235484907275e-05,1.4501387230204862e-05,2.1427122885430594e-05,0.04704339007901795,0.03446209598469603,0.06927608422359778,0.017865328227772433,0.01184938883080202,0.02476161411579917
A,SWE-only,quiet,8,34,0.022108948762145114,0.017450510450940142,0.03064358195235186,0.003114320005646304,0.0028736791526385143,0.0033549900325049423,0.0,0.0,0.0,0.4468087957185857,0.3794533508227152,0.5658508495372884,0.0004226011733408086,0.0003706423950140614,0.000472848368131321,0.00013970007622072657,0.00011077150565651049,0.00017052378019303326,0.04808777932296781,0.03569741394398186,0.07018271254183833,0.0,0.0,0.0
A,SWE-only,quiet,16,34,0.021260173991322517,0.017133156343034524,0.02895183506531312,0.0035029127029702067,0.0015911651010837352,0.007163786217792863,0.0001474520289399182,0.0,0.00044235608681975465,0.5032899020349278,0.4462890261893763,0.5925463045125499,0.0013301904054969782,0.0002519553168440325,0.003440233934270509,0.00031997988630524455,0.00021465092952305842,0.00048395907894754425,0.04972331938059891,0.037971144342137615,0.07090255049988628,0.0,0.0,0.0
A,SWE-only,quiet,32,34,0.06012745963080841,0.018147491208305035,0.14316683714141082,0.00440397991298917,0.0009560575234097675,0.011168929840770194,0.013948961937716262,0.0,0.04184688581314879,0.6353135240428588,0.5329060868524453,0.8154660915188929,0.0028468479923664265,0.0003943908957647663,0.007624896516860162,0.0006236711269593798,0.0003784559256821333,0.000997337342462688,0.07529158462934635,0.04031059973982765,0.14311148678774344,0.31048499836641197,0.0,0.931454995099236
A,SWE-only,quiet,100,34,0.6248859528671292,0.06374090788748993,1.7171756436705916,0.008270159492145894,0.0031036165440823157,0.016095441247307458,0.03851976730070785,0.003161451212928871,0.09990125346115668,0.9873823505990645,0.7318723257850198,1.35787464599399,0.005729678579561604,0.0011939807682317812,0.014213449577886526,0.0011794847399441471,0.0009122134545631364,0.001520624053046049,0.6603138667038259,0.06551496189306763,1.8365982468733018,6.9192882250337036,0.13576721093233896,20.335694060869077
A,SWE-only,violent,1,33,0.07293908506857627,0.05114034587573824,0.10268759510451642,0.07293908523790764,0.050509501338908164,0.10145738622399439,0.038304537659321396,0.013383377945688984,0.07200520601037613,0.2836314272699934,0.25910187119787387,0.3150750302568529,0.02415298511517573,0.010833036087856409,0.04552611985996147,0.00010890061339247923,7.256999662620894e-05,0.00015223141834309046,0.17773757310527744,0.13228472083750548,0.23642147372504974,0.20791477145570697,0.05929687221844991,0.4365081436706309
A,SWE-only,violent,8,33,0.10563609353972203,0.06288552876053886,0.1581632847700155,0.025598465987114294,0.012563632518250607,0.04132686616962238,0.04904506895903518,0.017451258680757288,0.09273730432385864,0.41747520141529315,0.37884395654228603,0.45933555675049614,0.007571679761564486,0.0030017410728870536,0.013219929459288928,0.0007338197542456769,0.0004764050117955776,0.0010635921644389975,0.20562165027314966,0.14679033604140085,0.2762966067671324,0.4274951327930797,0.13173701889587172,0.8256668605587688
A,SWE-only,violent,16,33,0.2714040476377263,0.12789931345702799,0.44805212252011356,0.06428010075240198,0.02842384707958748,0.1111203629327726,0.0810660611185291,0.034553970063814825,0.14171420901441042,0.5472596477378499,0.47698899796514804,0.6254370313024882,0.021477115550431226,0.0089541232534402,0.036831991879047225,0.0012596876322552844,0.000861348935050597,0.0017244389659467603,0.29721202836795285,0.19332664608390945,0.4346087170736582,1.5707934119484641,0.6149530136223995,2.8000161270300534
A,SWE-only,violent,32,33,1.2420076276316787,0.5458714399543224,2.106621579856922,0.21620628550281804,0.08995519746518271,0.3791130094023449,0.1557237433491428,0.08219601297243949,0.23472746727016147,0.8340164296554796,0.7076614508800434,0.9818393065848133,0.06851767411342624,0.023131045001333186,0.1261376010522133,0.0018723376349292018,0.0014249184100525313,0.002375746288761905,0.6795401837338101,0.3477362975788613,1.047876551244972,9.122307625683872,3.6684761292103567,15.958374024792148
A,SWE-only,violent,100,33,6.901990763165734,3.0646765919684458,12.287164093610457,0.4079784488192562,0.20023422104193633,0.6564099243736232,0.39730453463077536,0.31987653963784,0.48219204167818863,2.196080348708413,1.8220140879804436,2.643415208928513,0.06381597490557893,0.032264582389281274,0.10340086116074498,0.0027886300019665873,0.0024227216576092002,0.0031500302370687044,2.602012343027375,1.1912110108091976,4.510139507913228,72.32072292313431,25.731815297946785,139.19907928280756
B,GNN-only,complex,1,33,2.7395270604536176e-05,2.2959644062129057e-05,3.4375265447510397e-05,2.7395248473498434e-05,2.2905746985116186e-05,3.428332739586588e-05,0.02648707222220804,0.02143156600001326,0.03177758051936204,0.00033617139331798887,0.00031278884222653384,0.0003568461191841352,1.617540399847988e-05,8.573974104413565e-06,2.9062846153644358e-05,1.5414923061805233e-05,8.008692181895392e-06,2.826559528633273e-05,0.004345856725608014,0.0004744042751884659,0.011866687605497231,1.1046727498372396e-05,0.0,3.238157792524858e-05
B,GNN-only,complex,8,33,0.0008620479837356305,0.0006771962267080337,0.001165632832359706,0.00020103208644837704,0.00015768504725367,0.00027332056114656456,0.027515581852710892,0.022748772857468888,0.0324789833430926,0.009063784258835243,0.008357234874909575,0.00976777632163386,0.00018646493040388592,0.00011001734520422443,0.00032011740643638674,0.00017586264623263781,9.961578094093552e-05,0.00031343748322742044,0.004947164265269583,0.004377981425425264,0.00549967865244429,0.00045088204470547765,0.0,0.0013244693929498846
B,GNN-only,complex,16,33,0.0033276318572461605,0.0026060610074747467,0.00443782528163865,0.00040544465159517574,0.00032318493844782505,0.000527685636321125,0.03762746878875228,0.032631113540105686,0.042716423627744644,0.035023604265668175,0.032134028574959804,0.03803823780353096,0.0004112850398417901,0.00027221497321354974,0.0006251744886950208,0.0003815918420459087,0.00024579695275888573,0.0006034947510946067,0.011854695424324635,0.009594609961619205,0.014797484030537872,0.0015909418915257309,0.0,0.004639376293529163
B,GNN-only,complex,32,33,0.01270740812249256,0.010320265110314005,0.016127799088347026,0.0008803816868528498,0.0006653824744827227,0.0012364774759176219,0.07696180458293807,0.06384450393372253,0.09514707296207703,0.1472190268563502,0.13297744022512978,0.16224569257235888,0.0009592863401242843,0.0006763344964852106,0.0013894848327309416,0.0008584143272883287,0.000582548871016391,0.0012906638579972256,0.028717303987253796,0.020692571468481965,0.04240829533347012,0.00016703027667421284,0.0,0.0005010908300226384
B,GNN-only,complex,100,33,0.09427311214985269,0.08096785890785131,0.11126831258562477,0.0021960707804696126,0.0019632247455636832,0.002463667167467065,0.3256575458505451,0.3052829458948885,0.3483582334083949,1.2239847381909688,1.0798669647538301,1.37836540016261,0.0016367595455835037,0.0014059902049749244,0.0018727555376244706,0.0015519884619800105,0.0013081927197438773,0.0017980645342890276,0.07855272586598541,0.0695204911301985,0.08918049189854751,0.008393930666374437,0.0,0.025181791999123314
B,GNN-only,quiet,1,34,1.8366715989138946e-05,1.7226401789283797e-05,1.9580573209222006e-05,1.8366710478671047e-05,1.719245639151268e-05,1.9580205928511584e-05,0.02106175807337418,0.016820988870399598,0.025812641858700365,0.0002786689921562998,0.0002642382647001582,0.00029165466351996117,9.9728694803001e-06,7.693308614708417e-06,1.273812958820198e-05,9.190179368675564e-06,6.996132225785513e-06,1.2027480851001574e-05,0.00025054465204983205,0.00013928525285243322,0.0003741360328597372,2.8049244600183823e-08,0.0,8.414773380055148e-08
B,GNN-only,quiet,8,34,0.0005509070101919968,0.0004971973507909913,0.0006214137233173995,0.00012978892567951013,0.00011591216640119776,0.00014747347267984878,0.023468028494895654,0.019188153206519423,0.027806013330268976,0.006687520921011181,0.006333921531982281,0.007076250092016862,0.00011623557571403901,9.303527662643104e-05,0.00014540188654952062,0.0001041455267541631,8.103639958977403e-05,0.0001349814403845491,0.00374898334763095,0.003067694557894891,0.004781688053438248,0.0,0.0,0.0
B,GNN-only,quiet,16,34,0.0024015671327052746,0.001945250244170893,0.0031545556088745153,0.00035388337966972306,0.0002389888588047196,0.0005602827089152176,0.046473555410587855,0.03903515076893192,0.05605514948397981,0.026860598146038896,0.024948581147884185,0.028905905650325994,0.0003260498971726252,0.00021445964731516568,0.0005101087229805296,0.00029267492407277184,0.00017938197974458223,0.00048158115953222415,0.007910903159748106,0.006460950849577785,0.00994019243516959,0.0,0.0,0.0
B,GNN-only,quiet,32,34,0.010085887166068834,0.007447206487481975,0.014874048730331088,0.0006441483744899469,0.00044774478810722935,0.000975212510649512,0.0984008454860941,0.07668075826110769,0.13424960713319808,0.11440994765828638,0.0998990687651231,0.13522407937904488,0.0007176867443109479,0.0004847888072082937,0.0011235532774769713,0.0006031076715290136,0.00037870509054568284,0.0009769948612569457,0.021919543663149372,0.014793536811382235,0.03445909460321726,0.0,0.0,0.0
B,GNN-only,quiet,100,34,0.06927309448228162,0.057100593882119834,0.0865859351093497,0.0015512859681621194,0.0013538714004372357,0.0017945034946451948,0.29001159992037556,0.26953862465962236,0.306949430025868,0.9066659229643205,0.7748570765861694,1.05518343935118,0.0013062620615956427,0.0010881366833928041,0.0015716596189817853,0.0012256798611762112,0.0009979415516093416,0.0015059906029123605,0.07830632017815814,0.06567117535399603,0.09772543558741316,0.05624386142281925,0.0,0.16873158426845775
B,GNN-only,violent,1,33,0.00022821332188896397,0.00015265030766441312,0.00031503173286733774,0.0002282133101482142,0.00015825318204213434,0.0003143029195433138,0.0770498299149828,0.061972153537035925,0.09439848637380165,0.0016090406297183963,0.0012047902286267897,0.0020314425553255152,3.133788138918383e-05,1.875594435749449e-05,4.9857380276714104e-05,2.8000899226643732e-05,1.5800953090402717e-05,4.484142727840138e-05,0.01188871876057061,0.006833246228741314,0.017822310884499027,3.812529823996804e-05,1.4051343455459133e-05,6.850686940279873e-05
B,GNN-only,violent,8,33,0.004748119267098831,0.0033032366430041185,0.006585567955114654,0.0010061937289058485,0.000691285787174958,0.0013655716953838814,0.06920779926486618,0.05746397744140353,0.08342051185103885,0.041220484414335457,0.03150539003510141,0.05130879625141845,0.0004456517862942719,0.0002615790232911505,0.0007003799854635761,0.00038091055852639715,0.00021185030515852939,0.0006188544045444083,0.07181532997073549,0.04964518323999294,0.09724732898916541,0.0027328151645082416,0.0008377357865824843,0.005358326886639449
B,GNN-only,violent,16,33,0.01414731355158217,0.010284832486826363,0.018611830344536534,0.0015542299555487591,0.001174396539444746,0.002026104915509649,0.07568812958427229,0.06183896950424436,0.09245172141291781,0.12951388018149318,0.10306878190374735,0.15838982229487913,0.0009511674544421222,0.0006353179775032914,0.0013279720052995604,0.0008017042713838622,0.0005023847082639171,0.001181447125699461,0.10733257846511675,0.07804940626815413,0.13997291356861363,0.013904593207619408,0.003616145524111661,0.02620203802079864
B,GNN-only,violent,32,33,0.04070861665814212,0.031149452783618914,0.05186980498009219,0.0022934166763937383,0.001837520247058957,0.0027868564753038244,0.11682380272819899,0.09224031139433159,0.1477815207387925,0.35642411266312457,0.3000948399869781,0.4224155768300547,0.0018231733534555656,0.0013797374496679173,0.002323777255117999,0.0015605543976011122,0.0011377305193794502,0.002047257160390445,0.13725793446329507,0.10846593988297339,0.1685920684386722,0.04908764723575476,0.012988501606565533,0.09351483348644138
B,GNN-only,violent,100,33,0.18275260360855045,0.16153495374954108,0.20488951973278413,0.0037887812712032237,0.0034481809104115447,0.004156588087966101,0.35373868642696005,0.3224901826637907,0.38388975913040474,1.1112199059941552,0.9575119193078894,1.2672388384739557,0.0028406442319409866,0.0023934437457655525,0.0033547668036066386,0.002335947252118565,0.001917413047031556,0.002826373857026214,0.14998408497282953,0.12146421034227718,0.18090951148081907,0.08854529713139389,0.016909691420468418,0.1896626952922705
C,Reversed,complex,1,33,5.3724000556967717e-05,4.305429540360792e-05,6.603750173739668e-05,5.3724057138562344e-05,4.269192199761605e-05,6.466813468002576e-05,0.026454928831026486,0.021452525867675275,0.03196689973500504,0.00035377580989557884,0.0003152971933917742,0.0003906619081107871,3.070475903851647e-05,2.520225950051595e-05,3.654259545831364e-05,3.017447952033487e-05,2.421320426237523e-05,3.5762047103947805e-05,0.0008618425533423954,0.0006388938611687053,0.0010948830430289958,1.0067766362970525e-05,3.3089608857125947e-06,1.822791316292501e-05
C,Reversed,complex,8,33,0.0011425188700245185,0.0009939022183640522,0.001281608915164587,0.0002385381876868478,0.0002085444678882733,0.00026853931145579376,0.02956376377809726,0.025168186157417203,0.03393497494379368,0.007322675329774167,0.00632101160696369,0.008276874870485201,0.0002497042396774332,0.0002013816490558163,0.00029455215883376,0.00024489258689617134,0.00020008255067185734,0.00028790546304910755,0.006126757739394,0.005372901335111678,0.006823174508859996,0.00015628699100378788,4.622475667433305e-05,0.00029576709776213666
C,Reversed,complex,16,33,0.003898366604875209,0.003407790389345874,0.004403480985484114,0.00045232299078524,0.0003937261668342575,0.0005118632762098445,0.040395147574094015,0.036195904738344234,0.04452588129542656,0.025509811627368133,0.022389555778918845,0.028878995716910466,0.0005050628789114963,0.00041841101190198747,0.00059065252921066,0.0004914407051701071,0.0004069205386699512,0.0005835110254944689,0.014757021245631304,0.010300465970949243,0.022931462446947326,0.0005795630541714755,0.00015334315372235848,0.001097934986605786
C,Reversed,complex,32,33,0.01578875303719983,0.012451083436396651,0.020482628088035255,0.001004756925712255,0.000748947776534778,0.0014331579104526265,0.08832000295495326,0.07465277401066786,0.1123945513121056,0.10283208536830815,0.08929343176158992,0.1174534536390142,0.0012438931188433235,0.0008641874109647082,0.0018330133470457935,0.0012142418259331448,0.0008419813737308494,0.0018198977573333787,0.024447785549317345,0.019154057510648713,0.03233337931574858,0.00193078951402144,0.00043511499058116566,0.00370630965088353
C,Reversed,complex,100,33,0.10774483068874388,0.08263835888073752,0.14533475135086152,0.0016116449048488655,0.0012419185867959944,0.002164266315803891,0.23341635105022301,0.1890879615365097,0.29322351086469783,0.6611389468113581,0.5869302134283564,0.7254780258983373,0.00216225694748573,0.0015875313533769892,0.003052315555550827,0.002139370898613847,0.0015683464947483807,0.003125633602614854,0.06486239069790552,0.05653710786648321,0.0734570929357274,0.009581648942196009,0.0002285747817068389,0.02631061284831076
C,Reversed,quiet,1,34,2.167705585687894e-05,1.9707562213464853e-05,2.3871099260224367e-05,2.1677120965999647e-05,1.9734612311260527e-05,2.3842783314996586e-05,0.0210025913686853,0.016797258597717336,0.026046506304123182,0.0002472319449546322,0.0002278091332728389,0.0002638531267460648,1.8213551430455802e-05,1.484997219600192e-05,2.1679815593997504e-05,1.797945337918517e-05,1.4566800078007283e-05,2.1305189279567406e-05,0.0003808826552492118,0.00024363826460504403,0.0005380029831498819,8.9722521164838e-06,3.123896963456098e-06,1.9161403179168703e-05
C,Reversed,quiet,8,34,0.0006105580225052751,0.0005339639211931225,0.0006914462096841924,0.000134428220703472,0.00011618230632580783,0.00015402082053697085,0.022461522570091545,0.01885826905615688,0.026147968891383197,0.004212676081806421,0.0037329219076234627,0.004736221815555302,0.00014299056773084244,0.00011721887645120767,0.0001710819088657444,0.0001380575245628493,0.00011080360991868206,0.00016481556891877143,0.004153756952077588,0.0034617919641759193,0.0049755842085099115,0.0002940682803883272,5.025723401237936e-05,0.0007270381731145519
C,Reversed,quiet,16,34,0.0025464303479940794,0.0019464407483824556,0.003433848649343845,0.00036306871034492576,0.00022853298315192875,0.0005949397467274513,0.03805161612733181,0.03343127606781804,0.04487115678376932,0.015726502436925385,0.013708740772734233,0.017867311712710516,0.0003741995702405214,0.00022725337205295492,0.0006303842289044575,0.00036024135170009686,0.00021175358231710777,0.0006116455469750422,0.007539042538744123,0.006516735337208956,0.008798126374056341,0.0010966658592224121,0.00015567681368659525,0.002832345226231742
C,Reversed,quiet,32,34,0.010738719062989248,0.007063779000857132,0.016757588842301625,0.0006742183404104948,0.00041900307834807525,0.0011193964406094677,0.09172386888284235,0.07271157003287351,0.12559201281518972,0.06162334365003249,0.05374695559799233,0.07043760348220958,0.0008075451726600638,0.0004311863606049241,0.0014917939368495033,0.0007571098685730249,0.0003745537021827391,0.0013997518961439389,0.018152564407928902,0.012241891486679805,0.02871084516552987,0.0010568008703344008,0.00026625482475056364,0.0020718099439845355
C,Reversed,quiet,100,34,0.06826659390593276,0.045167236557394706,0.1077937227756004,0.0010592581478276236,0.0007266782801974948,0.0016076478917110596,0.16493302774185656,0.129747091626922,0.22033560363254356,0.46223818379289966,0.4042978221988853,0.5246694676030208,0.0014293852719300263,0.0008884417273186366,0.0023525442172767186,0.00141777415153817,0.0008820064545087756,0.00224910496504248,0.046933849670869464,0.04153680202469011,0.05278181006091044,0.002482344122493968,0.0,0.0071436236886417166
C,Reversed,violent,1,33,0.0009007631795777178,0.0006416389339089317,0.00117394831881525,0.0009007631780343328,0.0006525511955535904,0.0011866699281723192,0.07870349554890817,0.06224466261639757,0.09606285486917891,0.005426338739749609,0.003790277537050177,0.007251616569489917,0.00034455189333212644,0.00020359108852282973,0.0005238315748515146,8.933096165547437e-05,6.066366933640838e-05,0.00012580378682039073,0.011575379184884669,0.006389818012328099,0.017449912553032236,0.0017703627095077977,0.0004363536834716797,0.003565770026409264
C,Reversed,violent,8,33,0.010034794146618382,0.007313402157866001,0.01283045544952267,0.0016865043302955614,0.0012438238380127586,0.0021621139476888907,0.0953598231910233,0.07560688154151314,0.11613680693256033,0.06405122552744368,0.04829169935123487,0.08160701992173651,0.001041292114126863,0.0006730137042309666,0.0014777208224007732,0.0007276526497056087,0.0004597458702681417,0.0010655098355169736,0.0654900965252609,0.04551033697401484,0.08735005361183235,0.02026228832476067,0.00521660889639999,0.04126227479992486
C,Reversed,violent,16,33,0.024354165561045662,0.01840280770415892,0.03108848707404721,0.0021877098911455973,0.001653243333258257,0.002768996354853064,0.14246183755535077,0.10810665883127542,0.17965952812805555,0.1573397736206199,0.12401869326660579,0.1953500507568771,0.0015548124228547695,0.0010827468309523255,0.002171074008947471,0.0012888667335959547,0.0008635643339595956,0.0018391970879306566,0.10103985977669556,0.07442412560763345,0.13217241362118248,0.044888449437690506,0.010271038250489669,0.09393555223941802
C,Reversed,violent,32,33,0.060851198423540954,0.047608673091356954,0.07614579481270274,0.0029175882298273573,0.0023249972019005905,0.0035701759020219355,0.2609317543540739,0.19635340743253063,0.32892408001211804,0.34795526392532117,0.2940947195345705,0.40200925755004085,0.0023647202743273792,0.0017790997063980975,0.003060222815441771,0.0021479760374252996,0.0016186127128259447,0.0028344152615208066,0.1420527913918098,0.10862339335832406,0.17711332705944324,0.09151477524728487,0.019186170534654098,0.19652262420365305
C,Reversed,violent,100,33,0.26503273065794597,0.21975378148314176,0.31573896085787,0.0039427424534082866,0.0033958365280837327,0.00454789218598638,0.6019661616854022,0.5257031230520155,0.6766849895509432,0.5433780045220347,0.45656411823901266,0.639658748403643,0.004309769913864632,0.003628464285760525,0.0049766815907787525,0.003769192085283893,0.003126385630832484,0.0043655512155524,0.18471092798493124,0.1460144170757496,0.22551772675166526,0.006101767222086589,0.0,0.018305301666259766
D,Ours,complex,1,33,4.263652077828407e-05,3.590841032553616e-05,5.122619916095792e-05,4.26359769555733e-05,3.582924866874016e-05,5.1113136388184184e-05,0.02664613306262285,0.02152538848088726,0.03195178476591148,0.00029973034215765546,0.00027035168654348905,0.0003273483255863098,3.8783921499171726e-05,2.7924649827692713e-05,5.491006897886329e-05,2.9518384439794236e-05,2.3364576375619414e-05,3.553653825196251e-05,0.0008221375743839113,0.0006208257913399531,0.001020969005780485,0.00014362551949240944,5.060226628274629e-05,0.0003060623551859998
D,Ours,complex,8,33,0.0013682412937862064,0.0011254290315484855,0.0016830230393900289,0.00029974078003733393,0.0002444684670659957,0.00036594467827385255,0.03346458766840695,0.02739877858964215,0.03989201621586182,0.005848837088251457,0.004882358913186057,0.0068670697508478595,0.0003134401224749374,0.00022673204314494137,0.00044577324039864555,0.0002404452851320374,0.00019497171156867773,0.0002867586820422409,0.006341809625596259,0.005659754647146628,0.007012500682013165,0.0051651073224616775,0.001872019785823244,0.01167389696294604
D,Ours,complex,16,33,0.004922087145545943,0.004003325585191223,0.006137309925874103,0.0005673335611142895,0.0004530500210614374,0.0007137570748124164,0.046570386386045465,0.039374635518230776,0.05338503331888313,0.020021440291946583,0.016117720222665055,0.023697409532597344,0.0006303944330394381,0.00045718593144997475,0.0008919967551429925,0.000498034616501889,0.0004114069142264215,0.0005860300117285188,0.012809652087250442,0.011080011388526835,0.014921739236028356,0.019131024678548176,0.006686612150885842,0.041096230709191515
D,Ours,complex,32,33,0.018645909755970493,0.014361428618642756,0.025434076817085344,0.001131870413012097,0.0008191454315127692,0.0016253646620691252,0.08456797974898406,0.06513333522339838,0.11375437271516946,0.07836872855709358,0.06280951676325816,0.09556327726847182,0.001369426096613152,0.0009153421570248831,0.002109994787624049,0.0013151464637220752,0.0008987766164147725,0.002022218487102443,0.02846578951699264,0.023737199576994914,0.033814201673323455,0.06219965400117816,0.02244614407871709,0.13021609286467234
D,Ours,complex,100,33,0.12434183964223573,0.09375568368669712,0.17164104917848652,0.0017871690056794746,0.0013465887602774962,0.0024709210285932797,0.3042754687908937,0.24221276920705515,0.3728383417919878,0.46366558946443326,0.4032688762936177,0.5249601190175973,0.002443417110374536,0.001751798709367656,0.003540850960747444,0.0024173308779471413,0.0017285613821127989,0.0035262903070939814,0.11908874886505531,0.09781900162554599,0.14743437800330642,0.24557622635003293,0.06944309590440809,0.5631043342026795
D,Ours,quiet,1,34,2.6669642011256656e-05,2.1148436294826003e-05,3.460277997847322e-05,2.6669899398257257e-05,2.127031952086862e-05,3.500022028019349e-05,0.02111281726723701,0.01674039800170778,0.026180458907115355,0.00023356751634818305,0.00021475288506548276,0.00025146392657488296,2.4306256925817306e-05,1.495963985442305e-05,3.989866746812421e-05,1.6593430073228053e-05,1.3167903183726704e-05,2.0289719059791573e-05,0.00042098166541644093,0.000279518703925586,0.0005706249814766926,8.905985776115867e-05,1.0522586457869587e-05,0.00023384024115169746
D,Ours,quiet,8,34,0.000781447829093154,0.000576797699346464,0.0011044879098977508,0.00017040303196956622,0.0001231551211945129,0.0002424902477929101,0.024244635955855576,0.019459174970675865,0.029127056314590276,0.0030128955083776367,0.0024902733621000634,0.003547928374561091,0.0001904474852113601,0.0001159547171643199,0.0003097394970957204,0.00012836966161156691,0.00010104498551751315,0.00015940912488106814,0.0042001607054022744,0.003710597754808773,0.0047543253740193045,0.0031316736165214985,0.00030510679763906144,0.008446136379943174
D,Ours,quiet,16,34,0.0029555307256112643,0.0019978753522189112,0.004521403264815864,0.00039062152630803585,0.00022508067750095506,0.0006776275391503612,0.03704119901368393,0.026949880084581317,0.05156157182856371,0.01036409316036631,0.008120611319763531,0.01266631915436044,0.00042597314656150583,0.00021698365827326009,0.0007776258051843101,0.00037211862924296465,0.00021522724451268217,0.0006389922482680153,0.007885634056840311,0.006701715562410434,0.009356124304844449,0.01171423407161937,0.0011676035383168387,0.03226256344248265
D,Ours,quiet,32,34,0.011391048145014793,0.007030409685188823,0.0188422844349749,0.0006814917704854024,0.00039599482357409536,0.0011631380190117529,0.06535100306706028,0.04336242037053464,0.1034274319499812,0.03638555484769099,0.027425896341446786,0.04698859102243338,0.0008306970066769281,0.00041127159360097295,0.0015483957553816946,0.0007941890199243276,0.0003899050306459043,0.0015060618188954319,0.01815980044193566,0.013035104863400407,0.025740082368172483,0.03434949412065394,0.003956434744245866,0.0932812679339857
D,Ours,quiet,100,34,0.07329074501553003,0.04655637861749924,0.11890219882377147,0.001145897980142549,0.0007837352276564001,0.0017646248732917755,0.18004648910052484,0.12888362273168558,0.24406531323723546,0.2795930293333881,0.22042680807028187,0.34498047714724256,0.001579270273556604,0.000994896589220255,0.0025797429899017377,0.0015734356300740996,0.0009982588011232163,0.0025438975460394214,0.0628886699457379,0.05289822447058909,0.0743379644857829,0.10549735672333661,0.010291917972704944,0.2850857647902823
D,Ours,violent,1,33,0.00025810621578288686,0.00018793221011175333,0.00034590824362484526,0.0002581061923013873,0.0001830358258606187,0.00034326259131127945,0.07823070861640502,0.06253423635306056,0.09606460903253787,0.0018251007934326701,0.0013574945687485687,0.0023111637186075586,0.00010355539992209135,7.564387663023808e-05,0.00013913749072261535,8.15043604509838e-05,5.640832896667482e-05,0.0001128317430322678,0.011346530566118996,0.006294222861249706,0.017249083306479875,0.0003880226250850793,0.00022366263649680398,0.0005726180293343283
D,Ours,violent,8,33,0.006412744705537052,0.004819851214415393,0.008301569703546579,0.0013778108625432872,0.0010441864623069045,0.0017721522024217071,0.10165300776737361,0.08260562085526688,0.1215974073913574,0.05236337621780959,0.03842280699067156,0.06861303641785388,0.00094046594930467,0.0006661172077546132,0.0012948953539362814,0.0007250761782140189,0.0004583025183378733,0.0010757150950170893,0.06577407393717405,0.04477140479932793,0.08883567155218879,0.014434427926034638,0.00804428674957969,0.020942641749526515
D,Ours,violent,16,33,0.02059458163707997,0.01609195450842945,0.025981221146966247,0.0022573571724492604,0.0017770174147726998,0.0027766499068864942,0.17230163752675784,0.13187891379694566,0.21197508592202946,0.15492400019006294,0.11934409664774483,0.1939272076004382,0.0017595645922207923,0.0012903725612859213,0.0023346976782098253,0.0013345160275066244,0.0008856693410493651,0.001901026059501667,0.10172890995939572,0.07555266808238671,0.13127210069038536,0.053520249597954025,0.031789282235232266,0.07686285232052656
D,Ours,violent,32,33,0.06475272452966734,0.05206745360893282,0.07988786189111344,0.0034974658170319867,0.002867805657054608,0.004188364195799681,0.347216961437632,0.2673070107599109,0.4352140656829544,0.3398751605189208,0.2866411944907723,0.3965103068304333,0.002948622224556113,0.002280220636572322,0.0037487491173757888,0.0022779005195127065,0.0016367541745156897,0.0030802341646366665,0.16659484656922746,0.13097053629656633,0.20289370818628052,0.1938850193312674,0.11348641469623104,0.2766407891656413
D,Ours,violent,100,33,0.3355276699770581,0.28027134094613065,0.39372937569225375,0.004634384281058429,0.0039508260469037024,0.005329211987025865,0.7676657583779339,0.7048159087958125,0.8324315484465508,0.3564031286673112,0.30332325538902577,0.4182538819132428,0.00490239879934851,0.00411729751521665,0.0057753374260342254,0.004386179949065219,0.0036166208080293002,0.005216213977925661,0.4326804180939992,0.35223078228194604,0.514520775944446,0.6444013082619869,0.3858254393844893,0.9283053985147763
E,Baseline-GNS,complex,1,33,2.9518557863466963e-05,2.5012325307794856e-05,3.579614362520673e-05,2.9518473693866383e-05,2.5424677494012225e-05,3.579851791211252e-05,0.026628436347018326,0.021679427920758974,0.03184698605057754,0.0003403942850347834,0.000316996434103754,0.0003621880789454956,2.2561405895623576e-05,1.4819031651892477e-05,3.5242024345431364e-05,2.093728239467027e-05,1.3005140819490353e-05,3.2506040899058707e-05,0.0007891140497149811,0.000510895276088239,0.0011349166654692011,1.432678916237571e-05,0.0,4.266970085375237e-05
E,Baseline-GNS,complex,8,33,0.0009292767755334463,0.000763991377320825,0.0011811696773899407,0.00021292015651741883,0.00017367177210734084,0.000266844692156486,0.03277151958169586,0.027594974795957752,0.038405925878927966,0.009013539786930338,0.008277233097716375,0.00974002446005629,0.00022347944270057434,0.00015635659721297226,0.0003271799480540776,0.00019704712736490887,0.00013063558094059276,0.00029503746683269235,0.0052645488882042245,0.004744401168621455,0.005790307756449857,0.00069788730505741,0.0,0.0020936619151722302
E,Baseline-GNS,complex,16,33,0.0035429955107357464,0.0029007982728988723,0.004566843576983294,0.00043350074415546703,0.0003578886073117963,0.0005378048408381413,0.05520373300486191,0.04801353714634705,0.06308940475174943,0.03436139671865738,0.03157837730550179,0.03721744212547712,0.0004891446310053157,0.0003653201834712297,0.0006769574337698887,0.0004036966489145539,0.00028178267249462477,0.0005775173036661064,0.012564691263392117,0.010068369953483907,0.015948352629713936,0.0033157666524251304,0.0,0.00994729995727539
E,Baseline-GNS,complex,32,33,0.014138084610529018,0.011746119377273842,0.017368364162305645,0.0009838089092888615,0.0007785817802262804,0.0013062477812513169,0.10811423780863487,0.09432076067632633,0.12734087464424504,0.15592177279970862,0.14059732241386716,0.17243960032973324,0.001144600571768189,0.0008975112616264431,0.0015270504110076492,0.0009040689406957068,0.0006434220058894645,0.0013340959814465319,0.031592033662353504,0.023319811684389912,0.0456766314091951,0.009199084657611269,0.0,0.027597253972833805
E,Baseline-GNS,complex,100,33,0.12669408637465854,0.11261937363129673,0.14429820313711053,0.0044565665479185,0.004105908595110205,0.004820778670678423,0.4043020903317034,0.3658811237916028,0.4453108534444583,1.0648305343859124,0.9418436901587428,1.2022318870732278,0.005140424042827252,0.004658587401817468,0.005629799299287808,0.0043545146966635275,0.003940378405704078,0.004741116066526791,0.1131757279914437,0.10030117745539455,0.12697686786396487,0.17153610243941797,0.07112278911200437,0.3125525376110365
E,Baseline-GNS,quiet,1,34,2.030430997525828e-05,1.9080220099835168e-05,2.1476730314455326e-05,2.0304295904840247e-05,1.9114452774214013e-05,2.1499521033226352e-05,0.021223719194458784,0.016898954715531392,0.026177980494076315,0.0002783647800884757,0.0002628081673880361,0.00029340496133526734,1.6272262762547197e-05,1.3575863771527165e-05,1.9038293621566906e-05,1.4887427675054877e-05,1.2010505530714883e-05,1.7819802654126784e-05,0.00041857547517686137,0.0002756214304280119,0.0005806411377674896,0.0,0.0,0.0
E,Baseline-GNS,quiet,8,34,0.0006276111816987395,0.0005768668676704264,0.0006806857997991542,0.0001446982059860602,0.000132802837250732,0.00015640671193015054,0.028900488536706515,0.02396761855129445,0.03407589383474847,0.0064650338745730765,0.006074263962492456,0.006907732280395815,0.00016227851633362553,0.0001411615247140135,0.0001842308712478852,0.00013814050201771725,0.00011456387375320071,0.0001638391670359637,0.00410942272077698,0.0033553660194978446,0.005258271628597011,0.0,0.0,0.0
E,Baseline-GNS,quiet,16,34,0.002737468238646055,0.002244533982251168,0.0035274256355478425,0.0003953903150806368,0.00027362606202479905,0.0006115848319228354,0.06721436332331403,0.05856107434049061,0.07646694567504084,0.025811702560852554,0.02382242988986785,0.027851965693373452,0.0004431249369243982,0.00031656653914336966,0.0006558236307361819,0.00037235021163189015,0.000240659351921375,0.0006034302971998196,0.009730900541934021,0.007027097516487736,0.014779980498818023,0.0,0.0,0.0
E,Baseline-GNS,quiet,32,34,0.011764294865048108,0.008742817382752786,0.01695077483412152,0.0007603561800137601,0.000540363187503638,0.0011501668306557215,0.12951652361893604,0.107250688570743,0.16388431417750896,0.11178891470327097,0.10248443458010169,0.1218925186597249,0.0009726690845769446,0.0006783406133549493,0.0015033979574689189,0.0007529649048913544,0.00046616289091616636,0.0012334652232097781,0.02502056545413592,0.017240384405971886,0.03896609270561706,0.0,0.0,0.0
E,Baseline-GNS,quiet,100,34,0.10117532279999818,0.08838298291460994,0.11996044969350537,0.0037442069117198974,0.0035154458118246542,0.003967297160895267,0.39593065595594246,0.3682682019249892,0.4231620436642365,0.8943580213715049,0.8258764765280134,0.9691121159669231,0.004865173336036284,0.004453755495812991,0.005255802907734451,0.004545061708674492,0.004059685333820251,0.005028653246357434,0.0947745863129111,0.08049291044692783,0.11610270314302075,0.09964646311367259,0.0,0.29893938934101777
E,Baseline-GNS,violent,1,33,0.00023197626113401247,0.00015832219011248196,0.0003138973060506969,0.00023197625992135286,0.0001601637071733862,0.0003208108891902321,0.07751343781397513,0.06243135262369234,0.09440378015964722,0.0016279602705529242,0.0012184459227049073,0.0020395243082682343,4.6300305312439434e-05,3.0472354085924798e-05,6.662521289564952e-05,4.268747331728016e-05,2.7608441089824104e-05,6.328290360835869e-05,0.01195486012302078,0.006855308771032883,0.01767984530311381,3.3674818096738875e-05,9.543064868811406e-06,6.349086761474606e-05
E,Baseline-GNS,violent,8,33,0.004976212777282027,0.003452218242455274,0.006774866667745466,0.0010611098559545071,0.0007518466405268885,0.0014369212948429665,0.07974190767852483,0.0665733340998714,0.0941461753430502,0.04094678081684944,0.03183115400007051,0.05074897411660376,0.0005586061124631669,0.0003554722953870651,0.0008432986509488365,0.00048252032182503945,0.00029374129020046287,0.000752750823666605,0.07249475024979223,0.05089289220261642,0.09807563823520796,0.0025305856357921252,0.00046433770295345423,0.005431145881161544
E,Baseline-GNS,violent,16,33,0.015062827038381136,0.010912007357304295,0.019930932449289795,0.0016528218182043709,0.0012168622595102837,0.002146509795332377,0.09722624766173625,0.08153603236367837,0.11612507323489296,0.12719901764031613,0.10021347091392134,0.15426210209614397,0.0011281610817549695,0.0007726444276958125,0.0015290643502146738,0.000951590115922348,0.0006244004825489493,0.00135043943611725,0.10974243847709714,0.07949017812497915,0.1419562624859144,0.01360177993774414,0.0029937787489457564,0.026594648758570344
E,Baseline-GNS,violent,32,33,0.04381677138647347,0.03368793292337972,0.05463055280587551,0.0024711279900547006,0.0019939070131813146,0.002983008045570882,0.1683528944155337,0.13844006722021424,0.20585405424269768,0.35616961482799414,0.3054473768806819,0.41876140059621036,0.0020921638052007465,0.0016358776864680378,0.002572303905264672,0.0017467630325082803,0.0013095990825218683,0.002230733404047152,0.14088380483515334,0.10987159977243705,0.17541161007671194,0.051617600701072,0.01450655839659951,0.10180754462877908
E,Baseline-GNS,violent,100,33,0.20693535019050946,0.1848462228860819,0.22926742828479318,0.005239677333244772,0.004801824106129281,0.005734913280960455,0.39093592123811094,0.3346834204176195,0.44792175426750575,0.708082866488081,0.601179659773003,0.8210224562522136,0.004919297943794818,0.004228037363271031,0.005670308880155172,0.0034531245156275954,0.0029549978034055764,0.003896817915709548,0.21711448828379312,0.17554923977815745,0.2597374919632619,0.5471885240439213,0.3273101380377105,0.8201292018095651
F,Simple-3D,complex,1,33,0.00027498736458117935,0.0001503617072544192,0.0004233841600277323,0.00027498670279976176,0.0001440579130275816,0.0004146956761746189,0.026698446973224058,0.021705969291673524,0.03222224001022247,0.0003289802253368979,0.0002892121749009348,0.0003688833540338847,4.148127696322318e-05,2.9920251396368148e-05,5.809139332234624e-05,3.2390322510533416e-05,2.600955726484158e-05,3.9194809379217813e-05,0.0008519760884871974,0.0006454617217596851,0.0010742164275405117,0.00014406984502618963,5.2110083175427985e-05,0.0003109953620217063
F,Simple-3D,complex,8,33,0.0029722556046732334,0.002018217906769485,0.003988751742916506,0.0004740466152504792,0.00035885891249398064,0.0006016698793135935,0.033605186664475074,0.027774255968870117,0.03975367667841594,0.005914583523187475,0.004910259594093573,0.0068830621515382625,0.000314431743776588,0.00022895143451244097,0.0004523375535592838,0.00024129317220609718,0.00019186841679509246,0.0002881966270855039,0.0063585686765498285,0.005662024992158298,0.007042314512055423,0.005166505322311864,0.001874855160713196,0.01092524221449187
F,Simple-3D,complex,16,33,0.0077075084960652575,0.005745362700492313,0.009720908789048818,0.0007038127770294633,0.0005596669167337524,0.0008615654131999965,0.046708859989157296,0.03970591118566056,0.05404548770189259,0.020060243847017937,0.01634718747633142,0.024117036747294613,0.0006310313029010131,0.00045732836898065274,0.0008858798937029802,0.000498618945130147,0.0004079705909217327,0.0005913352079832375,0.012833642364112717,0.011012879610908303,0.014827454747335812,0.0191324588024255,0.006701668284156106,0.041154566045963396
F,Simple-3D,complex,32,33,0.023088364353911442,0.017809365780417325,0.0301390857164127,0.0012277737343648562,0.0008940078446991693,0.0017165156372467396,0.08470961533436469,0.06591780342519263,0.1145323856815298,0.07827665913624293,0.06285808979971053,0.0952109703010964,0.001369676655017291,0.0009156393469972748,0.002100455490532719,0.0013153814533407885,0.0009019667623678371,0.0019799560633449193,0.02850488276982849,0.02392498981772047,0.034282449320325564,0.062199061567133125,0.022398244521834636,0.13000303443634145
F,Simple-3D,complex,100,33,0.1325041748809092,0.10089681431030234,0.17850262676788997,0.0018445747096627724,0.0013980967317228064,0.00249084268738939,0.30432527551824173,0.24233002237204662,0.37465728219966526,0.46365644376386295,0.39637906812131407,0.5223507526810421,0.0024434535307315828,0.0017543593200212908,0.0035518294295329585,0.002417407024150827,0.0017548935092759855,0.0034496006275620654,0.11935947090387344,0.09679253416305239,0.1461056225735581,0.24535467046679874,0.06973397731781006,0.5511931072581897
F,Simple-3D,quiet,1,34,2.6669642011256656e-05,2.1179033884062153e-05,3.456792706415131e-05,2.6669899398257257e-05,2.098134909026746e-05,3.5078650745724774e-05,0.02111281726723701,0.016912151435396917,0.026050646051395236,0.00023356751634818305,0.00021244481118388005,0.00025132518187413494,2.4306256925817306e-05,1.5191273874894677e-05,3.8718716388409705e-05,1.6593430073228053e-05,1.3301491557208866e-05,2.0128301635308535e-05,0.00042098166541644093,0.0002853170419932801,0.0005698590606604792,8.905985776115867e-05,9.408242562237908e-06,0.00023493714192334342
F,Simple-3D,quiet,8,34,0.000781447829093154,0.0005713362804218538,0.0010937935029313153,0.00017040303196956622,0.00012149836755216871,0.00024342288975811455,0.024244635955855576,0.019450802354548005,0.02968992542996931,0.0030128955083776367,0.0025167756483630696,0.00357282831407902,0.0001904474852113601,0.00011682285999621159,0.00031635501415407536,0.00012836966161156691,0.00010132248167568538,0.00015774434317697393,0.0042001607054022744,0.003686178945217227,0.004742978077282553,0.0031316736165214985,0.0003300827215699589,0.008330446218743043
F,Simple-3D,quiet,16,34,0.0029555307256112643,0.0019912511077777974,0.004469480874660586,0.00039062152630803585,0.00022700063587121003,0.0006784975924908983,0.03704119901368393,0.027372149981350787,0.050472435752793574,0.01036409316036631,0.00808033087729093,0.012907831865082056,0.00042597314656150583,0.0002254224676268196,0.0008824125007268932,0.00037211862924296465,0.00021242151935225325,0.0006252462767861287,0.007885634056840311,0.006620723897974719,0.009479483246104791,0.01171423407161937,0.0011353136862025542,0.031576781325480516
F,Simple-3D,quiet,32,34,0.011391048145014793,0.006991937158540275,0.019068968186226862,0.0006814917704854024,0.0003952345036048107,0.0011672199403405742,0.06535100306706028,0.04303890289354871,0.10333762336858901,0.03638555484769099,0.027442933284841913,0.04712566795950644,0.0008306970066769281,0.0004157619514899125,0.0015501892815497256,0.0007941890199243276,0.000395762928912839,0.001493878290235067,0.01815980044193566,0.013132594367626177,0.025520531327792383,0.03434949412065394,0.003748196363449097,0.09347139465458253
F,Simple-3D,quiet,100,34,0.07329074501553003,0.04730402805349406,0.11612228374955628,0.001145897980142549,0.0007812683628906277,0.0017582057028074113,0.18004648910052484,0.1294861432155052,0.24491867575154544,0.2795930293333881,0.2175724208491909,0.34702212073401933,0.001579270273556604,0.0009945954711464069,0.002566177285060642,0.0015734356300740996,0.0009885903582685656,0.0025140131427820855,0.0628886699457379,0.05224609639057341,0.07420998414950991,0.10549735672333661,0.009465397017843585,0.2794633649727877
F,Simple-3D,violent,1,33,0.006500982538758156,0.004924686581729143,0.008341462690788662,0.006500981865842318,0.004819534189708506,0.008235483973619536,0.0858454765742848,0.0693877803784421,0.10482549898268091,0.007736294369820054,0.004927593702803168,0.01089560256655342,0.0009040868232356539,0.0005074798370156768,0.0013676300028319843,0.0008942035786855162,0.0005047248478976227,0.001328611548722785,0.011005355563776737,0.006027924087759333,0.01698966194191156,0.0007032481106844815,0.00040372303037932426,0.001054121869983095
F,Simple-3D,violent,8,33,0.05308162775525654,0.039471149750082105,0.06829320173410725,0.006832167042320538,0.005054006935229567,0.008681426648399793,0.1254544408168874,0.09965818531616234,0.1537163492108027,0.04592655754337708,0.03439995456825603,0.0574072263394059,0.0015818073231705719,0.0010337245550489928,0.002208179687537873,0.001425713725576784,0.000855138462446286,0.0020510471579848043,0.06183038272358703,0.04204215545270761,0.08431308653777127,0.015870957663564972,0.009082905090216434,0.023310676578319426
F,Simple-3D,violent,16,33,0.10895930048586293,0.0798700235512418,0.1393580317444337,0.007277536622220368,0.00541680006347385,0.00921698774609743,0.19542084716984054,0.15035760351015787,0.2434681105772838,0.1372358246960423,0.10805834393496766,0.17029306434490007,0.0022855542959984054,0.001565779121081119,0.0031013674576322293,0.0019369765518190848,0.0012510298289381547,0.002775931715278244,0.10012808729979125,0.07302538073678135,0.13208576516304726,0.05555807821678393,0.03429660092700612,0.0806210268627513
F,Simple-3D,violent,32,33,0.22980083513892058,0.1744317726937659,0.29322629718561516,0.008163650435480204,0.006167273836785391,0.010500006932257252,0.36344539573242707,0.27823597877967654,0.45614571700710194,0.3312344943935221,0.28333556252447045,0.38273667328511213,0.003346099276589512,0.0024849739151470585,0.004363182198898301,0.002693032129724143,0.001846417892463223,0.0036553181883363945,0.17529673027721318,0.1358669925452859,0.21681200812542514,0.19673340970819647,0.11921767104755748,0.27474270390741745
F,Simple-3D,violent,100,33,0.8384185462738528,0.6048087628163171,1.1214313291069682,0.01008688013252774,0.006807361214922629,0.015294823684609693,0.7741641667015833,0.7080094979276925,0.838264378106162,0.35688900179935223,0.30305548746025923,0.41714646753036616,0.005072873502010198,0.0042144027646193565,0.006097451439762316,0.004640028441578827,0.0038409847830542165,0.00559292569029794,0.4788869246840477,0.3816213862744696,0.5878496661330713,0.6699833978306163,0.407700890122038,0.9688255270322164
G,Optimized-Ours,complex,1,33,4.2831952393471234e-05,3.578350222762145e-05,5.144129775985537e-05,4.283140983854096e-05,3.6137624272558956e-05,5.0928830788424496e-05,0.026649655851544385,0.02166059727101112,0.03240241999184589,0.00030069704705269805,0.0002704532993177216,0.00032950887436913255,3.881309161249991e-05,2.7869158297431624e-05,5.4610137278366504e-05,2.953180862293307e-05,2.3920100060175804e-05,3.5615805607018083e-05,0.0008222291586262696,0.0006262579606203817,0.0010239862899418242,0.0001429427753795277,4.98641620982777e-05,0.00029749256191831646
G,Optimized-Ours,complex,8,33,0.001372185183837163,0.0011221745598683783,0.001704885770088753,0.0003004676852442296,0.00024482434887018327,0.0003677088347654772,0.033526291959052,0.027949234847750647,0.039949577191570516,0.005876739399699352,0.004867373679404739,0.006856548245793598,0.00031352842503992815,0.0002208468729694494,0.00044104752423663736,0.00024043291556312619,0.0001948848763722329,0.00028676090927625563,0.006344318382837104,0.005654220340533578,0.007015158252783514,0.005155725912614303,0.0018615365028381346,0.010871985915935396
G,Optimized-Ours,complex,16,33,0.004933303105644882,0.003983002969250788,0.0061064858890004505,0.0005681910569723132,0.00045559551987080894,0.0007159986589999101,0.0465974874907565,0.03979176235467762,0.05337521933442208,0.020093599898797092,0.016218129151401986,0.023876740280397685,0.0006304416403343731,0.0004560486683189855,0.0008910871238406274,0.0004980148920422477,0.00041207544437025774,0.0005832384905233718,0.012839026565691738,0.01103804643534011,0.014815588424574921,0.019109357487071644,0.006848151575435292,0.040545696561986755
G,Optimized-Ours,complex,32,33,0.018667621199380268,0.014412826561425446,0.024929643446353802,0.0011324081283281416,0.0008271781509392894,0.0016377948888420533,0.08465431507716929,0.06493888233554462,0.11368740165288106,0.07832825282645045,0.06320386159755854,0.09522355889167747,0.0013694158529467654,0.0009150979396839499,0.0021022751292603613,0.0013151237459775682,0.0008902394661907403,0.001973820572443814,0.02848723511014021,0.023818876115238353,0.03375913221318501,0.062151283928842255,0.021956510796691434,0.12744437808340245
G,Optimized-Ours,complex,100,33,0.1243747438896786,0.09288305524793086,0.17423974173425721,0.001787398943578768,0.0013490870522218756,0.0025386055979514355,0.3042984102861167,0.2405984352403239,0.3716550565510157,0.46370514075864444,0.40097442125393584,0.5232995484645167,0.0024433735146003805,0.001743884015145754,0.003554236015461906,0.002417294775086427,0.0017326974988849764,0.0034281557402926297,0.1193495232499007,0.09721198886294256,0.14620986226099458,0.2452181288690278,0.07122034096356594,0.5503957371820102
G,Optimized-Ours,quiet,1,34,2.6669642011256656e-05,2.1200064144763662e-05,3.511760723126024e-05,2.6669899398257257e-05,2.109543467855367e-05,3.511784758195383e-05,0.02111281726723701,0.01684906764855968,0.025787259210716364,0.00023356751634818305,0.0002122500714110027,0.0002515277102622135,2.4306256925817306e-05,1.4857731755522337e-05,3.939645372216706e-05,1.6593430073228053e-05,1.3396383650440333e-05,1.9987371970006168e-05,0.00042098166541644093,0.000285776509307358,0.0005643712713342265,8.905985776115867e-05,9.60747985278859e-06,0.00023583673379000492
G,Optimized-Ours,quiet,8,34,0.000781447829093154,0.0005658188805147588,0.0010859711422466821,0.00017040303196956622,0.00012410403038730318,0.00024355351707420008,0.024244635955855576,0.01963397127277004,0.029368044689360294,0.0030128955083776367,0.0025265140892710247,0.0035464537415083107,0.0001904474852113601,0.0001171854502552057,0.00031665605374388067,0.00012836966161156691,9.989931266883398e-05,0.00015714982161930087,0.0042001607054022744,0.0036715288578039584,0.00476202081900898,0.0031316736165214985,0.00032321565291460824,0.0084174204398604
G,Optimized-Ours,quiet,16,34,0.0029555307256112643,0.0019983899637522613,0.004480682331418125,0.00039062152630803585,0.00022651824455458743,0.0006759072908260029,0.03704119901368393,0.02706920488641532,0.051899151588238726,0.01036409316036631,0.008210712996215614,0.012866915522745862,0.00042597314656150583,0.00021805834265465178,0.000788801066466797,0.00037211862924296465,0.00021116568105379187,0.0006441317169339848,0.007885634056840311,0.006700654531425029,0.009489629894618273,0.01171423407161937,0.0011265281368704402,0.03156328639563392
G,Optimized-Ours,quiet,32,34,0.011391048145014793,0.006974787582037286,0.019133183781078134,0.0006814917704854024,0.00039791549619193947,0.0011776506824336295,0.06535100306706028,0.04268547728518567,0.10481922955183923,0.03638555484769099,0.02751788480946904,0.04740568266373456,0.0008306970066769281,0.0004132706982652641,0.001583911248781078,0.0007941890199243276,0.00040127976172725006,0.0015359138985853408,0.01815980044193566,0.0129733401179478,0.025706580977695168,0.03434949412065394,0.00390634536743164,0.09253356859964483
G,Optimized-Ours,quiet,100,34,0.07329074501553003,0.047438342465252116,0.1189858363694785,0.001145897980142549,0.0007787528418917003,0.0017465313260960529,0.18004648910052484,0.12860093850436727,0.2506057022369011,0.2795930293333881,0.21752945142524208,0.3403842446750358,0.001579270273556604,0.0010075985987307776,0.0025820972899536546,0.0015734356300740996,0.0009933849068843035,0.002541363580188344,0.0628886699457379,0.0523435743224314,0.07289124096825937,0.10549735672333661,0.009880629795439104,0.2779727446682313
G,Optimized-Ours,violent,1,33,0.0002601493670777982,0.0001870945074298299,0.000347379498783663,0.0002601493526361248,0.00018515462400804002,0.0003424616335905738,0.07821492394089748,0.06210055858519456,0.09648564869535446,0.0018951063384795843,0.001419108964777975,0.0023981173509541385,0.00010326143392651856,7.45526433320265e-05,0.00013709215244296386,8.169431478591198e-05,5.639440440366646e-05,0.0001150204608496675,0.01155766607156362,0.006413502277097327,0.0174472944509365,0.00038416819138960403,0.00021679148529515124,0.0005665013284394235
G,Optimized-Ours,violent,8,33,0.006479595424466286,0.004871548205846921,0.008354622403258514,0.0013887479947174363,0.001051475223952862,0.0017472177634110925,0.0986890808945957,0.08010376189194289,0.11840584411795772,0.055633865663725315,0.04076137883433451,0.07160732768913446,0.0009170016944126198,0.0006460702966829889,0.0012656163628421242,0.0007119371623434056,0.0004587509568051301,0.0010266217015365933,0.06665854724688512,0.045704018739475445,0.09122060087199012,0.01423747611768318,0.008168806993600095,0.020977520220207435
G,Optimized-Ours,violent,16,33,0.02065277264707468,0.016109186841640623,0.025741249450595315,0.002251002813202583,0.0017834300959348735,0.0027744816527102197,0.1593363104690506,0.12729804287011817,0.19401836309838275,0.1529812505750945,0.11852324424085743,0.1883392104766134,0.001699233111029378,0.0012578662305851608,0.0022480250700248165,0.0012818482381672684,0.0008554738957172958,0.0018288745381141779,0.10237297195602547,0.07567354849694917,0.1337039229453005,0.052380424557310165,0.03139348481640671,0.07595437096826956
G,Optimized-Ours,violent,32,33,0.06433332844101118,0.051848460027637586,0.07838143163544098,0.0034636334378526294,0.0028183363296469025,0.004145790871045777,0.3285796821238986,0.2580175372605004,0.4046981781673347,0.3331626109553106,0.2842961356326035,0.38607999886188543,0.002860684949678905,0.002217964737704306,0.0036324630981350004,0.0021929123340118113,0.001600428420836882,0.0029341057479155778,0.16222942902734785,0.1283062206045019,0.19873233145441518,0.18946385022365686,0.11334852404666669,0.2684245794108419
G,Optimized-Ours,violent,100,33,0.3315408392386003,0.2768649099676898,0.38807807822119106,0.004604641580954194,0.003924739596462159,0.00532182304551966,0.7585029687270549,0.6961754750874284,0.8173537299921649,0.35598577152598987,0.3023965146392584,0.41767729444034174,0.004787883029855562,0.003998644034215955,0.005579848818403358,0.004283416390976388,0.0035521568980281396,0.00510067724689813,0.4246246877944831,0.3517081145084266,0.49978367189566286,0.6163353450370558,0.3545639737988963,0.9060884725866895
